{
  "bleu_before": 0.10630650698857043,
  "bleu_after": 0.2917964004562968
}